<?xml version="1.0" encoding="utf-8"?><feed xmlns="http://www.w3.org/2005/Atom" ><generator uri="https://jekyllrb.com/" version="4.3.2">Jekyll</generator><link href="http://localhost:4000/blog/feed.xml" rel="self" type="application/atom+xml" /><link href="http://localhost:4000/blog/" rel="alternate" type="text/html" /><updated>2023-08-15T01:46:38-07:00</updated><id>http://localhost:4000/blog/feed.xml</id><title type="html">Nick’s 3AM Thoughts</title><subtitle></subtitle><entry><title type="html">The blogs up</title><link href="http://localhost:4000/blog/blog/testing/2023/08/15/welcome-to-jekyll.html" rel="alternate" type="text/html" title="The blogs up" /><published>2023-08-15T01:22:09-07:00</published><updated>2023-08-15T01:22:09-07:00</updated><id>http://localhost:4000/blog/blog/testing/2023/08/15/welcome-to-jekyll</id><content type="html" xml:base="http://localhost:4000/blog/blog/testing/2023/08/15/welcome-to-jekyll.html"><![CDATA[<p>Since this is all still new, let’s just go back to the <a href="https://nickdj.me">main</a> page for now.</p>]]></content><author><name></name></author><category term="blog" /><category term="testing" /><summary type="html"><![CDATA[Since this is all still new, let’s just go back to the main page for now.]]></summary></entry></feed>